<?xml version="1.0" encoding="UTF-8"?>
<!DOCTYPE suite SYSTEM "http://testng.org/testng-1.0.dtd">
<suite name="Suite" preserve-order="false">
	<test name="TC001_SignIn_Page">
		<classes>
			<class name="VisDSLModule.TC001_SignIn_Page" />
		</classes>
	</test>
	<test name="TC002_TOW_WorkOrder_Page">
		<classes>
			<class name="VisDSLModule.TC002_TOW_WorkOrder_Page" />
		</classes>
	</test>
	<test name="TC003_TOW_ScheduleItems_Page">
		<classes>
			<class name="VisDSLModule.TC003_TOW_ScheduleItems_Page" />
		</classes>
	</test>
	<test name="TC004_TOW_Technical1_Page">
		<classes>
			<class name="VisDSLModule.TC004_TOW_Technical1_Page" />
		</classes>
	</test>
	<test name="TC005_TOW_Technical2_Page">
		<classes>
			<class name="VisDSLModule.TC005_TOW_Technical2_Page" />
		</classes>
	</test>
	<test name="TC006_TOW_APPTTechnical_Page">
		<classes>
			<class name="VisDSLModule.TC006_TOW_APPTTechnical_Page" />
		</classes>
	</test>
	<test name="TC007_TOW_Stock_Page">
		<classes>
			<class name="VisDSLModule.TC007_TOW_Stock_Page" />
		</classes>
	</test>
	<test name="TC008_TOW_NonStandInstall_Page">
		<classes>
			<class name="VisDSLModule.TC008_TOW_NonStandInstall_Page" />
		</classes>
	</test>
	<test name="TC009_TOW_Documentation_Page">
		<classes>
			<class name="VisDSLModule.TC009_TOW_Documentation_Page" />
		</classes>
	</test>
	<test name="TC010_TOW_SendTOW_Page">
		<classes>
			<class name="VisDSLModule.TC010_TOW_SendTOW_Page" />
		</classes>
	</test>
	<test name="TC011_TOW_Copy_Page">
		<classes>
			<class name="VisDSLModule.TC011_TOW_Copy_Page" />
		</classes>
	</test>
	<test name="TC012_TOW_Delete_Page">
		<classes>
			<class name="VisDSLModule.TC012_TOW_Delete_Page" />
		</classes>
	</test>
	<test name="TC013_Import_Page">
		<classes>
			<class name="VisDSLModule.TC013_Import_Page" />
		</classes>
	</test>
	<test name="TC014_NewWorkOrder_Page">
		<classes>
			<class name="VisDSLModule.TC014_NewWorkOrder_Page" />
		</classes>
	</test>
	<test name="TC015_Schedule_Page">
		<classes>
			<class name="VisDSLModule.TC015_Schedule_Page" />
		</classes>
	</test>
	<test name="TC016_PrintTOW_Page">
		<classes>
			<class name="VisDSLModule.TC016_PrintTOW_Page" />
		</classes>
	</test>
	<test name="TC018_Invoice_Contr_Page">
		<classes>
			<class name="VisDSLModule.TC018_Invoice_Contr_Page" />
		</classes>
	</test>
	<test name="TC019_Invoices_Client_Page">
		<classes>
			<class name="VisDSLModule.TC019_Invoices_Client_Page" />
		</classes>
	</test>
	<test name="TC021_Security_Page">
		<classes>
			<class name="VisDSLModule.TC021_Security_Page" />
		</classes>
	</test>
	<test name="TC022_MyAccount_Page">
		<classes>
			<class name="VisDSLModule.TC022_MyAccount_Page" />
		</classes>
	</test>
</suite> 
