<?xml version="1.0" encoding="UTF-8"?>
<!DOCTYPE suite SYSTEM "http://testng.org/testng-1.0.dtd">
<suite name="APP_MANAGER_SUITE">
	<test name="TC001_APP_MANAGER" preserve-order="true">
		<classes>
			<class name="executionEngine.Appium_DriverScript" />
		</classes>
	</test>
	<listeners>
		<listener class-name="atu.testng.reports.listeners.ATUReportsListener"></listener>
		<listener class-name="atu.testng.reports.listeners.ConfigurationListener"></listener>
		<listener class-name="atu.testng.reports.listeners.MethodListener"></listener>
	</listeners>
</suite>